{"cameraMode":{"drawMode":0,"name":"Shaded","section":"Shading Mode"},"sceneLighting":true,"audioPlay":false,"sceneViewState":{"showFog":true,"showMaterialUpdate":false,"showSkybox":true,"showFlares":true,"showImageEffects":true,"showParticleSystems":true},"in2DMode":false,"pivot":{"x":2.5033047199249269,"y":12.29886245727539,"z":-2.569364070892334},"rotation":{"x":-0.3555436134338379,"y":0.0787380188703537,"z":-0.030057130381464959,"w":-0.9309695959091187},"size":6.651184558868408,"orthographic":false}