{"cameraMode":{"drawMode":0,"name":"Shaded","section":"Shading Mode"},"sceneLighting":false,"audioPlay":false,"sceneViewState":{"showFog":true,"showMaterialUpdate":false,"showSkybox":true,"showFlares":true,"showImageEffects":true,"showParticleSystems":true},"in2DMode":false,"pivot":{"x":30.284095764160158,"y":-1.4438490867614747,"z":4.171117305755615},"rotation":{"x":0.07224055379629135,"y":0.6791657209396362,"z":-0.06745582818984986,"w":0.7273048758506775},"size":34.42074966430664,"orthographic":false}