{"cameraMode":{"drawMode":0,"name":"Shaded","section":"Shading Mode"},"sceneLighting":false,"audioPlay":false,"sceneViewState":{"showFog":true,"showMaterialUpdate":false,"showSkybox":true,"showFlares":true,"showImageEffects":true,"showParticleSystems":true},"in2DMode":false,"pivot":{"x":-7.8798418045043949,"y":3.6359195709228517,"z":-0.9630985260009766},"rotation":{"x":0.0028427811339497568,"y":-0.99642014503479,"z":0.037383291870355609,"w":0.07577197998762131},"size":10.930688858032227,"orthographic":false}