{"cameraMode":{"drawMode":0,"name":"Shaded","section":"Shading Mode"},"sceneLighting":true,"audioPlay":false,"sceneViewState":{"showFog":true,"showMaterialUpdate":false,"showSkybox":true,"showFlares":true,"showImageEffects":true,"showParticleSystems":true},"in2DMode":false,"pivot":{"x":-2.510260820388794,"y":4.21195125579834,"z":-5.4799957275390629},"rotation":{"x":0.10263539105653763,"y":-0.3040851950645447,"z":0.032958727329969409,"w":0.9465927481651306},"size":9.72172737121582,"orthographic":false}