{"cameraMode":{"drawMode":0,"name":"Shaded","section":"Shading Mode"},"sceneLighting":false,"audioPlay":false,"sceneViewState":{"showFog":true,"showMaterialUpdate":false,"showSkybox":true,"showFlares":true,"showImageEffects":true,"showParticleSystems":true},"in2DMode":false,"pivot":{"x":-4.706136703491211,"y":0.47349321842193606,"z":1.81489896774292},"rotation":{"x":-0.10239668190479279,"y":0.7754278779029846,"z":-0.13031543791294099,"w":-0.6093031764030457},"size":5.11607027053833,"orthographic":false}