{"cameraMode":{"drawMode":0,"name":"Shaded","section":"Shading Mode"},"sceneLighting":false,"audioPlay":false,"sceneViewState":{"showFog":true,"showMaterialUpdate":false,"showSkybox":true,"showFlares":true,"showImageEffects":true,"showParticleSystems":true},"in2DMode":false,"pivot":{"x":-3.5840954780578615,"y":6.709481239318848,"z":6.189436912536621},"rotation":{"x":0.0039297291077673439,"y":0.9747662544250488,"z":0.017248360440135003,"w":-0.22302088141441346},"size":12.015037536621094,"orthographic":false}