{"cameraMode":{"drawMode":0,"name":"Shaded","section":"Shading Mode"},"sceneLighting":false,"audioPlay":false,"sceneViewState":{"showFog":true,"showMaterialUpdate":false,"showSkybox":true,"showFlares":true,"showImageEffects":true,"showParticleSystems":true},"in2DMode":false,"pivot":{"x":-3.9574246406555177,"y":1.3389902114868165,"z":-2.3661246299743654},"rotation":{"x":0.007641366682946682,"y":-0.9334868788719177,"z":0.358107328414917,"w":0.019867131486535074},"size":2.8578836917877199,"orthographic":false}