{"cameraMode":{"drawMode":0,"name":"Shaded","section":"Shading Mode"},"sceneLighting":false,"audioPlay":false,"sceneViewState":{"showFog":true,"showMaterialUpdate":false,"showSkybox":true,"showFlares":true,"showImageEffects":true,"showParticleSystems":true},"in2DMode":false,"pivot":{"x":7.326264381408691,"y":0.8608453869819641,"z":0.4691146910190582},"rotation":{"x":0.14395993947982789,"y":-0.6311450600624085,"z":0.12073671072721482,"w":0.7526385188102722},"size":4.930296897888184,"orthographic":false}