{"cameraMode":{"drawMode":0,"name":"Shaded","section":"Shading Mode"},"sceneLighting":false,"audioPlay":false,"sceneViewState":{"showFog":true,"showMaterialUpdate":false,"showSkybox":true,"showFlares":true,"showImageEffects":true,"showParticleSystems":true},"in2DMode":false,"pivot":{"x":0.5053671598434448,"y":0.8501101732254028,"z":12.523509979248047},"rotation":{"x":-0.0030793931800872089,"y":-0.9933522343635559,"z":0.11253698915243149,"w":-0.026852188631892206},"size":5.539798736572266,"orthographic":false}