{"cameraMode":{"drawMode":0,"name":"Shaded","section":"Shading Mode"},"sceneLighting":false,"audioPlay":false,"sceneViewState":{"showFog":true,"showMaterialUpdate":false,"showSkybox":true,"showFlares":true,"showImageEffects":true,"showParticleSystems":true},"in2DMode":false,"pivot":{"x":2.7697582244873049,"y":0.5043300986289978,"z":3.4725401401519777},"rotation":{"x":0.13816766440868379,"y":0.22894079983234406,"z":-0.03284673020243645,"w":0.9630255103111267},"size":7.119185447692871,"orthographic":false}