{"cameraMode":{"drawMode":0,"name":"Shaded","section":"Shading Mode"},"sceneLighting":false,"audioPlay":false,"sceneViewState":{"showFog":true,"showMaterialUpdate":false,"showSkybox":true,"showFlares":true,"showImageEffects":true,"showParticleSystems":true},"in2DMode":false,"pivot":{"x":8.326045036315918,"y":-7.7598090171813969,"z":-24.303377151489259},"rotation":{"x":0.04954468458890915,"y":0.9503778219223023,"z":-0.22352685034275056,"w":0.21063880622386933},"size":34.42074966430664,"orthographic":false}