{"cameraMode":{"drawMode":0,"name":"Shaded","section":"Shading Mode"},"sceneLighting":false,"audioPlay":false,"sceneViewState":{"showFog":true,"showMaterialUpdate":false,"showSkybox":true,"showFlares":true,"showImageEffects":true,"showParticleSystems":true},"in2DMode":false,"pivot":{"x":-2.3913955688476564,"y":-0.19855210185050965,"z":15.501659393310547},"rotation":{"x":0.11774878948926926,"y":-0.6824755668640137,"z":0.11284422129392624,"w":0.7125856280326843},"size":5.539798736572266,"orthographic":false}