{"cameraMode":{"drawMode":0,"name":"Shaded","section":"Shading Mode"},"sceneLighting":true,"audioPlay":false,"sceneViewState":{"showFog":true,"showMaterialUpdate":false,"showSkybox":true,"showFlares":true,"showImageEffects":true,"showParticleSystems":true},"in2DMode":false,"pivot":{"x":-40.57110595703125,"y":-53.41671371459961,"z":1.042039394378662},"rotation":{"x":0.31754812598228457,"y":-0.6285199522972107,"z":0.31322211027145388,"w":0.6372523307800293},"size":78.7738037109375,"orthographic":false}