{"cameraMode":{"drawMode":0,"name":"Shaded","section":"Shading Mode"},"sceneLighting":false,"audioPlay":false,"sceneViewState":{"showFog":true,"showMaterialUpdate":false,"showSkybox":true,"showFlares":true,"showImageEffects":true,"showParticleSystems":true},"in2DMode":false,"pivot":{"x":-6.349152565002441,"y":2.907384157180786,"z":-1.545939326286316},"rotation":{"x":0.24407881498336793,"y":-0.7342054843902588,"z":0.332153856754303,"w":0.539670467376709},"size":3.745995044708252,"orthographic":false}