{"cameraMode":{"drawMode":0,"name":"Shaded","section":"Shading Mode"},"sceneLighting":false,"audioPlay":false,"sceneViewState":{"showFog":true,"showMaterialUpdate":false,"showSkybox":true,"showFlares":true,"showImageEffects":true,"showParticleSystems":true},"in2DMode":false,"pivot":{"x":0.2227620780467987,"y":0.24580086767673493,"z":-1.7660726308822632},"rotation":{"x":-0.01601666398346424,"y":-0.984336256980896,"z":0.1324644535779953,"w":-0.11630140244960785},"size":5.305753231048584,"orthographic":false}