{"cameraMode":{"drawMode":0,"name":"Shaded","section":"Shading Mode"},"sceneLighting":false,"audioPlay":false,"sceneViewState":{"showFog":true,"showMaterialUpdate":false,"showSkybox":true,"showFlares":true,"showImageEffects":true,"showParticleSystems":true},"in2DMode":false,"pivot":{"x":2.2674143314361574,"y":-0.37842854857444765,"z":0.1280587911605835},"rotation":{"x":-0.15515705943107606,"y":-0.6386862993240356,"z":0.13304154574871064,"w":-0.7419877052307129},"size":5.305753231048584,"orthographic":false}