{"cameraMode":{"drawMode":3,"name":"Shadow Cascades","section":"Miscellaneous"},"sceneLighting":true,"audioPlay":false,"sceneViewState":{"showFog":true,"showMaterialUpdate":false,"showSkybox":true,"showFlares":true,"showImageEffects":true,"showParticleSystems":true},"in2DMode":false,"pivot":{"x":-0.7707345485687256,"y":1.9981980323791505,"z":18.194076538085939},"rotation":{"x":0.17970600724220277,"y":0.04719862714409828,"z":-0.008632516488432885,"w":0.9825494885444641},"size":4.680996894836426,"orthographic":false}