{"cameraMode":{"drawMode":0,"name":"Shaded","section":"Shading Mode"},"sceneLighting":false,"audioPlay":false,"sceneViewState":{"showFog":true,"showMaterialUpdate":false,"showSkybox":true,"showFlares":true,"showImageEffects":true,"showParticleSystems":true},"in2DMode":false,"pivot":{"x":-2.7413642406463625,"y":-8.166790008544922,"z":15.904497146606446},"rotation":{"x":0.2410285323858261,"y":-0.28961479663848879,"z":0.07547447085380554,"w":0.9233192801475525},"size":22.0,"orthographic":false}