{"cameraMode":{"drawMode":0,"name":"Shaded","section":"Shading Mode"},"sceneLighting":false,"audioPlay":false,"sceneViewState":{"showFog":true,"showMaterialUpdate":false,"showSkybox":true,"showFlares":true,"showImageEffects":true,"showParticleSystems":true},"in2DMode":false,"pivot":{"x":-0.8865201473236084,"y":-2.8484628200531008,"z":-10.008697509765625},"rotation":{"x":0.041237398982048038,"y":0.9366679191589356,"z":-0.3271244168281555,"w":0.11807630211114884},"size":12.885894775390625,"orthographic":false}