{"cameraMode":{"drawMode":0,"name":"Shaded","section":"Shading Mode"},"sceneLighting":false,"audioPlay":false,"sceneViewState":{"showFog":true,"showMaterialUpdate":false,"showSkybox":true,"showFlares":true,"showImageEffects":true,"showParticleSystems":true},"in2DMode":false,"pivot":{"x":-4.516434192657471,"y":1.0193737745285035,"z":0.3540151119232178},"rotation":{"x":-0.03066570870578289,"y":0.9550061225891113,"z":-0.10644326359033585,"w":-0.27513304352760317},"size":5.11607027053833,"orthographic":false}