{"cameraMode":{"drawMode":0,"name":"Shaded","section":"Shading Mode"},"sceneLighting":false,"audioPlay":false,"sceneViewState":{"showFog":true,"showMaterialUpdate":false,"showSkybox":true,"showFlares":true,"showImageEffects":true,"showParticleSystems":true},"in2DMode":false,"pivot":{"x":6.321928024291992,"y":0.9507219195365906,"z":2.467545747756958},"rotation":{"x":0.1428542584180832,"y":-0.3724379539489746,"z":0.05807357653975487,"w":0.9152569770812988},"size":4.660074710845947,"orthographic":false}