{"cameraMode":{"drawMode":0,"name":"Shaded","section":"Shading Mode"},"sceneLighting":false,"audioPlay":false,"sceneViewState":{"showFog":true,"showMaterialUpdate":false,"showSkybox":true,"showFlares":true,"showImageEffects":true,"showParticleSystems":true},"in2DMode":false,"pivot":{"x":4.918412208557129,"y":2.010817766189575,"z":-3.199449300765991},"rotation":{"x":-0.00637297285720706,"y":-0.9845514893531799,"z":-0.03663387894630432,"w":0.17150896787643434},"size":5.539799690246582,"orthographic":false}