{"cameraMode":{"drawMode":3,"name":"Shadow Cascades","section":"Miscellaneous"},"sceneLighting":false,"audioPlay":false,"sceneViewState":{"showFog":true,"showMaterialUpdate":false,"showSkybox":true,"showFlares":true,"showImageEffects":true,"showParticleSystems":true},"in2DMode":false,"pivot":{"x":-4.119999885559082,"y":1.1100000143051148,"z":-8.663000106811524},"rotation":{"x":-0.13446059823036195,"y":-0.1527376025915146,"z":0.020952008664608,"w":-0.9789015650749207},"size":0.41602271795272829,"orthographic":false}