{"cameraMode":{"drawMode":0,"name":"Shaded","section":"Shading Mode"},"sceneLighting":true,"audioPlay":false,"sceneViewState":{"showFog":true,"showMaterialUpdate":false,"showSkybox":true,"showFlares":true,"showImageEffects":true,"showParticleSystems":true},"in2DMode":false,"pivot":{"x":541.7499389648438,"y":360.3013000488281,"z":121.93749237060547},"rotation":{"x":0.1133335530757904,"y":0.18045900762081147,"z":-0.020934076979756357,"w":0.9768663048744202},"size":681.3300170898438,"orthographic":false}