{"cameraMode":{"drawMode":0,"name":"Shaded","section":"Shading Mode"},"sceneLighting":false,"audioPlay":false,"sceneViewState":{"showFog":true,"showMaterialUpdate":false,"showSkybox":true,"showFlares":true,"showImageEffects":true,"showParticleSystems":true},"in2DMode":false,"pivot":{"x":-7.212778091430664,"y":2.947774648666382,"z":4.863039970397949},"rotation":{"x":-0.0859421044588089,"y":0.49653109908103945,"z":-0.04945989325642586,"w":-0.8624587655067444},"size":12.015037536621094,"orthographic":false}