{"cameraMode":{"drawMode":0,"name":"Shaded","section":"Shading Mode"},"sceneLighting":false,"audioPlay":false,"sceneViewState":{"showFog":true,"showMaterialUpdate":false,"showSkybox":true,"showFlares":true,"showImageEffects":true,"showParticleSystems":true},"in2DMode":false,"pivot":{"x":-0.7162911295890808,"y":1.118198275566101,"z":6.137356758117676},"rotation":{"x":0.06404336541891098,"y":-0.7404733896255493,"z":0.07132516801357269,"w":0.6652966737747192},"size":22.0,"orthographic":false}