{"cameraMode":{"drawMode":2,"name":"Shaded Wireframe","section":"Shading Mode"},"sceneLighting":false,"audioPlay":false,"sceneViewState":{"showFog":true,"showMaterialUpdate":false,"showSkybox":true,"showFlares":true,"showImageEffects":true,"showParticleSystems":true},"in2DMode":false,"pivot":{"x":-79.60032653808594,"y":-182.70021057128907,"z":140.0545196533203},"rotation":{"x":0.3993818163871765,"y":-0.24016031622886659,"z":0.10925078392028809,"w":0.8780132532119751},"size":262.34515380859377,"orthographic":false}